Instrument_Key,Name,Trading_Symbol,InstrumentType,AssetSymbol,Instrument,TradeDate,TradeHour_IST,TradeMinute,TradingSession,Day_Spread,Hourly_Spread,DailyGain,HourlyGain,Timestamp,ist_ts,HourBucket,Open,High,Low,Close,Volume_S,Volume_H,Volume_L,Volume_D,Value,Total_Buy_Quantity,Total_Sell_Quantity,OpenInterest,ChangeOI,DailyGain_Bucket,HourlyGain_Bucket,Day_Spread_Bucket,Hour_Spread_Bucket,Volume_D_Bucket,Volume_S_Bucket,Volume_H_Bucket,Volume_L_Bucket,OI_Bucket,ChangeOI_Bucket,BuyQty_bin,SellQty_bin,Volume_bin,OpenInterest_bin,Spread_bin,Gain_bin
NSE_FO|54445-20250131,BANKNIFTY,BANKNIFTY FUT 24 APR 25,FUT,BANKNIFTY,NSE_FO|54445,2025-01-31,9,33,Opening Session (9 AM - 10 AM),1.0,149.90000000000146,-0.5,0.2,2025-01-31T09:33:00+05:30,2025-01-31T09:33:00,09:00-10:00,50176.1,50176.1,50176.1,50176.1,1000,12570,30,166960,1505283.0,21921607000.0,21921607000.0,219216070000.0,73862550000.0,Loss 0% to 1%,Hourly Gain 0% to 2%,Day Spread 1% to 2%,Hour Spread More than 3%,Daily Volume 1L to 5L,Max Volume Upto 10K,Hour Volume Upto 25K,Min Volume Upto 1K,OI_More than 10L,OI_Up_More_than_10L,4,4,1,4,1,3
NSE_FO|54445-20250131,BANKNIFTY,BANKNIFTY FUT 24 APR 25,FUT,BANKNIFTY,NSE_FO|54445,2025-01-31,9,52,Opening Session (9 AM - 10 AM),1.0,149.90000000000146,-0.5,0.2,2025-01-31T09:52:00+05:30,2025-01-31T09:52:00,09:00-10:00,50180.0,50180.0,50179.35,50180.0,1000,12570,30,166960,10537800.0,24376177000.0,24376177000.0,243761770000.0,147541860000.0,Loss 0% to 1%,Hourly Gain 0% to 2%,Day Spread 1% to 2%,Hour Spread More than 3%,Daily Volume 1L to 5L,Max Volume Upto 10K,Hour Volume Upto 25K,Min Volume Upto 1K,OI_More than 10L,OI_Up_More_than_10L,4,4,1,4,1,3
NSE_FO|54445-20250204,BANKNIFTY,BANKNIFTY FUT 24 APR 25,FUT,BANKNIFTY,NSE_FO|54445,2025-02-04,9,32,Opening Session (9 AM - 10 AM),20.19999999999709,591.25,0.5,1.0310191112583516,2025-02-04T09:32:00+05:30,2025-02-04T09:32:00,09:00-10:00,50529.8,50550.0,50529.8,50539.5,1770,15380,30,158510,15161850.0,7158151000.0,7158151000.0,71581510000.0,147624660000.0,Gain 0% to 1%,Hourly Gain 0% to 2%,Day Spread More than 5%,Hour Spread More than 3%,Daily Volume 1L to 5L,Max Volume Upto 10K,Hour Volume Upto 25K,Min Volume Upto 1K,OI_More than 10L,OI_Up_More_than_10L,2,2,1,2,4,4
NSE_FO|54445-20250204,BANKNIFTY,BANKNIFTY FUT 24 APR 25,FUT,BANKNIFTY,NSE_FO|54445,2025-02-04,9,46,Opening Session (9 AM - 10 AM),17.650000000001455,591.25,-0.5,1.0310191112583516,2025-02-04T09:46:00+05:30,2025-02-04T09:46:00,09:00-10:00,50777.8,50777.8,50760.15,50765.0,1770,15380,30,158510,9137700.0,19459936000.0,19459936000.0,194599360000.0,49153140000.0,Loss 0% to 1%,Hourly Gain 0% to 2%,Day Spread More than 5%,Hour Spread More than 3%,Daily Volume 1L to 5L,Max Volume Upto 10K,Hour Volume Upto 25K,Min Volume Upto 1K,OI_More than 10L,OI_Up_More_than_10L,4,4,1,4,4,2
NSE_FO|54445-20250204,BANKNIFTY,BANKNIFTY FUT 24 APR 25,FUT,BANKNIFTY,NSE_FO|54445,2025-02-04,9,23,Opening Session (9 AM - 10 AM),1.0,591.25,0.5,1.0310191112583516,2025-02-04T09:23:00+05:30,2025-02-04T09:23:00,09:00-10:00,50519.95,50520.0,50519.95,50520.0,1770,15380,30,158510,3031200.0,14534263000.0,14534263000.0,145342630000.0,49132980000.0,Gain 0% to 1%,Hourly Gain 0% to 2%,Day Spread 1% to 2%,Hour Spread More than 3%,Daily Volume 1L to 5L,Max Volume Upto 10K,Hour Volume Upto 25K,Min Volume Upto 1K,OI_More than 10L,OI_Up_More_than_10L,3,3,1,3,4,4
NSE_FO|54445-20250205,BANKNIFTY,BANKNIFTY FUT 24 APR 25,FUT,BANKNIFTY,NSE_FO|54445,2025-02-05,9,19,Opening Session (9 AM - 10 AM),10.0,257.0,-0.5,0.46607117483059429,2025-02-05T09:19:00+05:30,2025-02-05T09:19:00,09:00-10:00,51175.0,51175.0,51165.0,51165.0,1080,14060,30,195920,24559200.0,19459621000.0,19459621000.0,194596210000.0,123018390000.0,Loss 0% to 1%,Hourly Gain 0% to 2%,Day Spread More than 5%,Hour Spread More than 3%,Daily Volume 1L to 5L,Max Volume Upto 10K,Hour Volume Upto 25K,Min Volume Upto 1K,OI_More than 10L,OI_Up_More_than_10L,4,4,1,4,4,2
NSE_FO|54445-20250205,BANKNIFTY,BANKNIFTY FUT 24 APR 25,FUT,BANKNIFTY,NSE_FO|54445,2025-02-05,9,44,Opening Session (9 AM - 10 AM),12.69999999999709,257.0,0.5,0.46607117483059429,2025-02-05T09:44:00+05:30,2025-02-05T09:44:00,09:00-10:00,51220.0,51232.7,51220.0,51232.7,1080,14060,30,195920,6147924.0,21920212000.0,21920212000.0,219202120000.0,49254120000.0,Gain 0% to 1%,Hourly Gain 0% to 2%,Day Spread More than 5%,Hour Spread More than 3%,Daily Volume 1L to 5L,Max Volume Upto 10K,Hour Volume Upto 25K,Min Volume Upto 1K,OI_More than 10L,OI_Up_More_than_10L,4,4,1,4,4,4
NSE_FO|54445-20250205,BANKNIFTY,BANKNIFTY FUT 24 APR 25,FUT,BANKNIFTY,NSE_FO|54445,2025-02-05,9,27,Opening Session (9 AM - 10 AM),34.19999999999709,257.0,0.5,0.46607117483059429,2025-02-05T09:27:00+05:30,2025-02-05T09:27:00,09:00-10:00,51107.8,51142.0,51107.8,51142.0,1080,14060,30,195920,6137040.0,4704013000.0,4704013000.0,47040130000.0,210397100.0,Gain 0% to 1%,Hourly Gain 0% to 2%,Day Spread More than 5%,Hour Spread More than 3%,Daily Volume 1L to 5L,Max Volume Upto 10K,Hour Volume Upto 25K,Min Volume Upto 1K,OI_More than 10L,OI_Up_More_than_10L,1,1,1,1,4,4
NSE_FO|54445-20250207,BANKNIFTY,BANKNIFTY FUT 24 APR 25,FUT,BANKNIFTY,NSE_FO|54445,2025-02-07,9,33,Opening Session (9 AM - 10 AM),1.0,124.94999999999709,-0.5,0.2,2025-02-07T09:33:00+05:30,2025-02-07T09:33:00,09:00-10:00,51228.1,51228.1,51228.1,51228.1,1000,12330,30,150030,51228100.0,2249407000.0,2249407000.0,22494070000.0,122838750000.0,Loss 0% to 1%,Hourly Gain 0% to 2%,Day Spread 1% to 2%,Hour Spread More than 3%,Daily Volume 1L to 5L,Max Volume Upto 10K,Hour Volume Upto 25K,Min Volume Upto 1K,OI_More than 10L,OI_Up_More_than_10L,1,1,1,1,4,2
NSE_FO|54445-20250212,BANKNIFTY,BANKNIFTY FUT 24 APR 25,FUT,BANKNIFTY,NSE_FO|54445,2025-02-12,9,55,Opening Session (9 AM - 10 AM),11.900000000001455,568.19999999999709,0.5,-0.82358776104477627,2025-02-12T09:55:00+05:30,2025-02-12T09:55:00,09:00-10:00,49808.85,49811.9,49800.0,49809.3,1350,20550,60,149280,22414185.0,9618886000.0,9618886000.0,96188860000.0,73704960000.0,Gain 0% to 1%,Hourly Loss 0% to 2%,Day Spread More than 5%,Hour Spread More than 3%,Daily Volume 1L to 5L,Max Volume Upto 10K,Hour Volume Upto 25K,Min Volume Upto 1K,OI_More than 10L,OI_Up_More_than_10L,2,2,1,2,4,4
NSE_FO|54445-20250213,BANKNIFTY,BANKNIFTY FUT 24 APR 25,FUT,BANKNIFTY,NSE_FO|54445,2025-02-13,9,51,Opening Session (9 AM - 10 AM),1.0,288.94999999999709,-0.5,0.27028606348007833,2025-02-13T09:51:00+05:30,2025-02-13T09:51:00,09:00-10:00,50541.3,50541.3,50541.3,50541.3,1000,15950,30,169360,1516239.0,24372928000.0,24372928000.0,243729280000.0,221290300.0,Loss 0% to 1%,Hourly Gain 0% to 2%,Day Spread 1% to 2%,Hour Spread More than 3%,Daily Volume 1L to 5L,Max Volume Upto 10K,Hour Volume Upto 25K,Min Volume Upto 1K,OI_More than 10L,OI_Up_More_than_10L,4,4,1,4,2,2
NSE_FO|54445-20250214,BANKNIFTY,BANKNIFTY FUT 24 APR 25,FUT,BANKNIFTY,NSE_FO|54445,2025-02-14,9,28,Opening Session (9 AM - 10 AM),19.099999999998545,257.84999999999854,-0.5,-0.2,2025-02-14T09:28:00+05:30,2025-02-14T09:28:00,09:00-10:00,50290.85,50300.0,50280.9,50280.9,1000,16480,30,134890,4525281.0,4701934000.0,4701934000.0,47019340000.0,49163310000.0,Loss 0% to 1%,Hourly Loss 0% to 2%,Day Spread More than 5%,Hour Spread More than 3%,Daily Volume 1L to 5L,Max Volume Upto 10K,Hour Volume Upto 25K,Min Volume Upto 1K,OI_More than 10L,OI_Up_More_than_10L,1,1,1,1,4,2
NSE_FO|54445-20250217,BANKNIFTY,BANKNIFTY FUT 24 APR 25,FUT,BANKNIFTY,NSE_FO|54445,2025-02-17,9,17,Opening Session (9 AM - 10 AM),45.149999999994179,441.79999999999563,-0.5,-0.68867910324164583,2025-02-17T09:17:00+05:30,2025-02-17T09:17:00,09:00-10:00,49550.0,49569.95,49524.8,49550.0,1470,18510,30,175140,32703000.0,9617932000.0,9617932000.0,96179320000.0,24581790000.0,Loss 0% to 1%,Hourly Loss 0% to 2%,Day Spread More than 5%,Hour Spread More than 3%,Daily Volume 1L to 5L,Max Volume Upto 10K,Hour Volume Upto 25K,Min Volume Upto 1K,OI_More than 10L,OI_Up_More_than_10L,2,2,1,2,4,3
NSE_FO|54445-20250218,BANKNIFTY,BANKNIFTY FUT 24 APR 25,FUT,BANKNIFTY,NSE_FO|54445,2025-02-18,9,31,Opening Session (9 AM - 10 AM),21.19999999999709,438.5,-0.5,-0.39089769646004308,2025-02-18T09:31:00+05:30,2025-02-18T09:31:00,09:00-10:00,49676.15,49685.2,49664.0,49670.0,2010,15030,30,195140,99836700.0,19456498000.0,19456498000.0,194564980000.0,49154580000.0,Loss 0% to 1%,Hourly Loss 0% to 2%,Day Spread More than 5%,Hour Spread More than 3%,Daily Volume 1L to 5L,Max Volume Upto 10K,Hour Volume Upto 25K,Min Volume Upto 1K,OI_More than 10L,OI_Up_More_than_10L,4,4,1,4,4,2
NSE_FO|54445-20250218,BANKNIFTY,BANKNIFTY FUT 24 APR 25,FUT,BANKNIFTY,NSE_FO|54445,2025-02-18,9,48,Opening Session (9 AM - 10 AM),1.0,438.5,-0.5,-0.39089769646004308,2025-02-18T09:48:00+05:30,2025-02-18T09:48:00,09:00-10:00,49850.0,49850.0,49850.0,49850.0,2010,15030,30,195140,49850000.0,14530996000.0,14530996000.0,145309960000.0,73764000000.0,Loss 0% to 1%,Hourly Loss 0% to 2%,Day Spread 1% to 2%,Hour Spread More than 3%,Daily Volume 1L to 5L,Max Volume Upto 10K,Hour Volume Upto 25K,Min Volume Upto 1K,OI_More than 10L,OI_Up_More_than_10L,3,3,1,3,2,4
NSE_FO|54445-20250219,BANKNIFTY,BANKNIFTY FUT 24 APR 25,FUT,BANKNIFTY,NSE_FO|54445,2025-02-19,9,41,Opening Session (9 AM - 10 AM),1.0,661.40000000000146,-0.5,0.97777268468815937,2025-02-19T09:41:00+05:30,2025-02-19T09:41:00,09:00-10:00,49970.3,49970.3,49970.3,49970.3,1140,16380,30,160650,1499109.0,4700980000.0,4700980000.0,47009800000.0,122905440000.0,Loss 0% to 1%,Hourly Gain 0% to 2%,Day Spread 1% to 2%,Hour Spread More than 3%,Daily Volume 1L to 5L,Max Volume Upto 10K,Hour Volume Upto 25K,Min Volume Upto 1K,OI_More than 10L,OI_Up_More_than_10L,1,1,1,1,4,3
NSE_FO|54445-20250221,BANKNIFTY,BANKNIFTY FUT 24 APR 25,FUT,BANKNIFTY,NSE_FO|54445,2025-02-21,9,26,Opening Session (9 AM - 10 AM),1.0,550.94999999999709,-0.5,-1.0964779167019034,2025-02-21T09:26:00+05:30,2025-02-21T09:26:00,09:00-10:00,49950.0,49950.0,49950.0,49950.0,2640,19890,30,149530,13486500.0,12074788000.0,12074788000.0,120747880000.0,24552000000.0,Loss 0% to 1%,Hourly Loss 0% to 2%,Day Spread 1% to 2%,Hour Spread More than 3%,Daily Volume 1L to 5L,Max Volume Upto 10K,Hour Volume Upto 25K,Min Volume Upto 1K,OI_More than 10L,OI_Up_More_than_10L,2,2,1,2,2,1
NSE_FO|54445-20250224,BANKNIFTY,BANKNIFTY FUT 24 APR 25,FUT,BANKNIFTY,NSE_FO|54445,2025-02-24,9,43,Opening Session (9 AM - 10 AM),36.400000000001455,431.84999999999854,-0.5,-0.36247501265213677,2025-02-24T09:43:00+05:30,2025-02-24T09:43:00,09:00-10:00,48991.0,49004.55,48968.15,48968.2,3330,37260,30,164910,30849966.0,12074419000.0,12074419000.0,120744190000.0,73807380000.0,Loss 0% to 1%,Hourly Loss 0% to 2%,Day Spread More than 5%,Hour Spread More than 3%,Daily Volume 1L to 5L,Max Volume Upto 10K,Hour Volume 25K to 50K,Min Volume Upto 1K,OI_More than 10L,OI_Up_More_than_10L,2,2,1,2,4,4
NSE_FO|54445-20250224,BANKNIFTY,BANKNIFTY FUT 24 APR 25,FUT,BANKNIFTY,NSE_FO|54445,2025-02-24,9,59,Opening Session (9 AM - 10 AM),5.0,431.84999999999854,0.5,-0.36247501265213677,2025-02-24T09:59:00+05:30,2025-02-24T09:59:00,09:00-10:00,49120.0,49125.0,49120.0,49121.25,3330,37260,30,164910,5894550.0,21915910000.0,21915910000.0,219159100000.0,196703010000.0,Gain 0% to 1%,Hourly Loss 0% to 2%,Day Spread More than 5%,Hour Spread More than 3%,Daily Volume 1L to 5L,Max Volume Upto 10K,Hour Volume 25K to 50K,Min Volume Upto 1K,OI_More than 10L,OI_Up_More_than_10L,4,4,1,4,4,4
NSE_FO|54445-20250225,BANKNIFTY,BANKNIFTY FUT 24 APR 25,FUT,BANKNIFTY,NSE_FO|54445,2025-02-25,9,41,Opening Session (9 AM - 10 AM),26.05000000000291,254.0,0.5,0.2,2025-02-25T09:41:00+05:30,2025-02-25T09:41:00,09:00-10:00,49400.0,49426.05,49400.0,49410.0,1110,13280,30,148490,31128300.0,4699666000.0,4699666000.0,46996660000.0,24543720000.0,Gain 0% to 1%,Hourly Gain 0% to 2%,Day Spread More than 5%,Hour Spread More than 3%,Daily Volume 1L to 5L,Max Volume Upto 10K,Hour Volume Upto 25K,Min Volume Upto 1K,OI_More than 10L,OI_Up_More_than_10L,1,1,1,1,4,4
NSE_FO|54445-20250227,BANKNIFTY,BANKNIFTY FUT 24 APR 25,FUT,BANKNIFTY,NSE_FO|54445,2025-02-27,9,26,Opening Session (9 AM - 10 AM),20.650000000001455,231.5,0.5,0.37993997961495363,2025-02-27T09:26:00+05:30,2025-02-27T09:26:00,09:00-10:00,49418.5,49435.25,49414.6,49430.0,2670,28050,60,165040,62281800.0,2244889000.0,2244889000.0,22448890000.0,221247540000.0,Gain 0% to 1%,Hourly Gain 0% to 2%,Day Spread More than 5%,Hour Spread More than 3%,Daily Volume 1L to 5L,Max Volume Upto 10K,Hour Volume 25K to 50K,Min Volume Upto 1K,OI_More than 10L,OI_Up_More_than_10L,1,1,1,1,4,4
NSE_FO|54445-20250228,BANKNIFTY,BANKNIFTY FUT 24 APR 25,FUT,BANKNIFTY,NSE_FO|54445,2025-02-28,9,50,Opening Session (9 AM - 10 AM),19.600000000005821,334.09999999999854,-0.5,-0.48177140349144837,2025-02-28T09:50:00+05:30,2025-02-28T09:50:00,09:00-10:00,48888.0,48902.3,48882.7,48884.85,4740,44280,90,187350,16132000.5,24369229000.0,24369229000.0,243692290000.0,49151070000.0,Loss 0% to 1%,Hourly Loss 0% to 2%,Day Spread More than 5%,Hour Spread More than 3%,Daily Volume 1L to 5L,Max Volume Upto 10K,Hour Volume 25K to 50K,Min Volume Upto 1K,OI_More than 10L,OI_Up_More_than_10L,4,4,1,4,4,1
NSE_FO|54445-20250303,BANKNIFTY,BANKNIFTY FUT 24 APR 25,FUT,BANKNIFTY,NSE_FO|54445,2025-03-03,9,34,Opening Session (9 AM - 10 AM),39.30000000000291,600.14999999999418,-0.5,-0.88916769945580643,2025-03-03T09:34:00+05:30,2025-03-03T09:34:00,09:00-10:00,48808.65,48835.9,48796.6,48796.6,2460,38910,180,159560,13175082.0,7152004000.0,7152004000.0,71520040000.0,147625560000.0,Loss 0% to 1%,Hourly Loss 0% to 2%,Day Spread More than 5%,Hour Spread More than 3%,Daily Volume 1L to 5L,Max Volume Upto 10K,Hour Volume 25K to 50K,Min Volume Upto 1K,OI_More than 10L,OI_Up_More_than_10L,2,2,1,2,4,2
NSE_FO|54445-20250304,BANKNIFTY,BANKNIFTY FUT 24 APR 25,FUT,BANKNIFTY,NSE_FO|54445,2025-03-04,9,36,Opening Session (9 AM - 10 AM),14.75,439.69999999999709,-0.5,0.63813775115720461,2025-03-04T09:36:00+05:30,2025-03-04T09:36:00,09:00-10:00,48731.85,48731.85,48717.1,48717.1,3540,30150,60,146170,7307565.0,4698388000.0,4698388000.0,46983880000.0,122903640000.0,Loss 0% to 1%,Hourly Gain 0% to 2%,Day Spread More than 5%,Hour Spread More than 3%,Daily Volume 1L to 5L,Max Volume Upto 10K,Hour Volume 25K to 50K,Min Volume Upto 1K,OI_More than 10L,OI_Up_More_than_10L,1,1,1,1,4,3
NSE_FO|54445-20250305,BANKNIFTY,BANKNIFTY FUT 24 APR 25,FUT,BANKNIFTY,NSE_FO|54445,2025-03-05,9,20,Opening Session (9 AM - 10 AM),20.099999999998545,366.70000000000437,0.5,0.530920542099978,2025-03-05T09:20:00+05:30,2025-03-05T09:20:00,09:00-10:00,48821.9,48842.0,48821.9,48842.0,4110,28890,30,136030,10256820.0,21914002000.0,21914002000.0,219140020000.0,49255740000.0,Gain 0% to 1%,Hourly Gain 0% to 2%,Day Spread More than 5%,Hour Spread More than 3%,Daily Volume 1L to 5L,Max Volume Upto 10K,Hour Volume 25K to 50K,Min Volume Upto 1K,OI_More than 10L,OI_Up_More_than_10L,4,4,1,4,4,4
NSE_FO|54445-20250306,BANKNIFTY,BANKNIFTY FUT 24 APR 25,FUT,BANKNIFTY,NSE_FO|54445,2025-03-06,9,25,Opening Session (9 AM - 10 AM),51.0,543.94999999999709,-0.5,-0.53019220610345219,2025-03-06T09:25:00+05:30,2025-03-06T09:25:00,09:00-10:00,49103.95,49111.0,49060.0,49080.95,3480,28630,30,146620,89818138.5,21913651000.0,21913651000.0,219136510000.0,24541110000.0,Loss 0% to 1%,Hourly Loss 0% to 2%,Day Spread More than 5%,Hour Spread More than 3%,Daily Volume 1L to 5L,Max Volume Upto 10K,Hour Volume 25K to 50K,Min Volume Upto 1K,OI_More than 10L,OI_Up_More_than_10L,4,4,1,4,4,2
NSE_FO|54445-20250307,BANKNIFTY,BANKNIFTY FUT 24 APR 25,FUT,BANKNIFTY,NSE_FO|54445,2025-03-07,9,44,Opening Session (9 AM - 10 AM),31.650000000001455,225.44999999999709,0.5,-0.2,2025-03-07T09:44:00+05:30,2025-03-07T09:44:00,09:00-10:00,48875.0,48906.65,48875.0,48906.65,1800,17120,30,134940,11737596.0,2242954000.0,2242954000.0,22429540000.0,98290980000.0,Gain 0% to 1%,Hourly Loss 0% to 2%,Day Spread More than 5%,Hour Spread More than 3%,Daily Volume 1L to 5L,Max Volume Upto 10K,Hour Volume Upto 25K,Min Volume Upto 1K,OI_More than 10L,OI_Up_More_than_10L,1,1,1,1,4,4
NSE_FO|54445-20250310,BANKNIFTY,BANKNIFTY FUT 24 APR 25,FUT,BANKNIFTY,NSE_FO|54445,2025-03-10,9,58,Opening Session (9 AM - 10 AM),14.799999999995634,161.5,-0.5,0.2,2025-03-10T09:58:00+05:30,2025-03-10T09:58:00,09:00-10:00,48975.1,48975.1,48960.3,48962.75,2010,17030,30,319580,5875530.0,16987456000.0,16987456000.0,169874560000.0,24609330000.0,Loss 0% to 1%,Hourly Gain 0% to 2%,Day Spread More than 5%,Hour Spread More than 3%,Daily Volume 1L to 5L,Max Volume Upto 10K,Hour Volume Upto 25K,Min Volume Upto 1K,OI_More than 10L,OI_Up_More_than_10L,3,3,1,3,4,3
NSE_FO|54445-20250311,BANKNIFTY,BANKNIFTY FUT 24 APR 25,FUT,BANKNIFTY,NSE_FO|54445,2025-03-11,9,46,Opening Session (9 AM - 10 AM),26.0,424.69999999999709,0.5,-0.35329848556848,2025-03-11T09:46:00+05:30,2025-03-11T09:46:00,09:00-10:00,48190.05,48206.05,48180.05,48199.9,4590,49890,30,206370,52055892.0,21912625000.0,21912625000.0,219126250000.0,49255830000.0,Gain 0% to 1%,Hourly Loss 0% to 2%,Day Spread More than 5%,Hour Spread More than 3%,Daily Volume 1L to 5L,Max Volume Upto 10K,Hour Volume 25K to 50K,Min Volume Upto 1K,OI_More than 10L,OI_Up_More_than_10L,4,4,1,4,4,4
NSE_FO|54445-20250311,BANKNIFTY,BANKNIFTY FUT 24 APR 25,FUT,BANKNIFTY,NSE_FO|54445,2025-03-11,9,45,Opening Session (9 AM - 10 AM),44.25,424.69999999999709,-0.5,-0.35329848556848,2025-03-11T09:45:00+05:30,2025-03-11T09:45:00,09:00-10:00,48230.0,48244.25,48200.0,48200.0,4590,49890,30,206370,21690000.0,16987042000.0,16987042000.0,169870420000.0,49255920000.0,Loss 0% to 1%,Hourly Loss 0% to 2%,Day Spread More than 5%,Hour Spread More than 3%,Daily Volume 1L to 5L,Max Volume Upto 10K,Hour Volume 25K to 50K,Min Volume Upto 1K,OI_More than 10L,OI_Up_More_than_10L,3,3,1,3,4,1
NSE_FO|54445-20250311,BANKNIFTY,BANKNIFTY FUT 24 APR 25,FUT,BANKNIFTY,NSE_FO|54445,2025-03-11,9,34,Opening Session (9 AM - 10 AM),28.75,424.69999999999709,0.5,-0.35329848556848,2025-03-11T09:34:00+05:30,2025-03-11T09:34:00,09:00-10:00,48159.35,48188.1,48159.35,48168.2,4590,49890,30,206370,33236057.999999996,7149772000.0,7149772000.0,71497720000.0,123016500000.0,Gain 0% to 1%,Hourly Loss 0% to 2%,Day Spread More than 5%,Hour Spread More than 3%,Daily Volume 1L to 5L,Max Volume Upto 10K,Hour Volume 25K to 50K,Min Volume Upto 1K,OI_More than 10L,OI_Up_More_than_10L,2,2,1,2,4,4
NSE_FO|54445-20250313,BANKNIFTY,BANKNIFTY FUT 24 APR 25,FUT,BANKNIFTY,NSE_FO|54445,2025-03-13,9,30,Opening Session (9 AM - 10 AM),12.25,234.79999999999563,-0.5,0.38678248802532494,2025-03-13T09:30:00+05:30,2025-03-13T09:30:00,09:00-10:00,48484.05,48490.25,48478.0,48478.0,1470,17280,30,137330,7271700.0,24366088000.0,24366088000.0,243660880000.0,221247360000.0,Loss 0% to 1%,Hourly Gain 0% to 2%,Day Spread More than 5%,Hour Spread More than 3%,Daily Volume 1L to 5L,Max Volume Upto 10K,Hour Volume Upto 25K,Min Volume Upto 1K,OI_More than 10L,OI_Up_More_than_10L,4,4,1,4,4,2
NSE_FO|54445-20250318,BANKNIFTY,BANKNIFTY FUT 24 APR 25,FUT,BANKNIFTY,NSE_FO|54445,2025-03-18,9,37,Opening Session (9 AM - 10 AM),30.799999999995634,327.09999999999854,0.5,0.426610370007754,2025-03-18T09:37:00+05:30,2025-03-18T09:37:00,09:00-10:00,49200.9,49231.7,49200.9,49231.7,9600,80190,390,428340,31015971.0,7148359000.0,7148359000.0,71483590000.0,147630150000.0,Gain 0% to 1%,Hourly Gain 0% to 2%,Day Spread More than 5%,Hour Spread More than 3%,Daily Volume 1L to 5L,Max Volume Upto 10K,Hour Volume 50K to 1L,Min Volume Upto 1K,OI_More than 10L,OI_Up_More_than_10L,2,2,3,2,4,4
NSE_FO|54445-20250318,BANKNIFTY,BANKNIFTY FUT 24 APR 25,FUT,BANKNIFTY,NSE_FO|54445,2025-03-18,9,25,Opening Session (9 AM - 10 AM),35.0,327.09999999999854,0.5,0.426610370007754,2025-03-18T09:25:00+05:30,2025-03-18T09:25:00,09:00-10:00,49145.05,49180.0,49145.0,49179.25,9600,80190,390,428340,236060400.0,4695553000.0,4695553000.0,46955530000.0,24528150000.0,Gain 0% to 1%,Hourly Gain 0% to 2%,Day Spread More than 5%,Hour Spread More than 3%,Daily Volume 1L to 5L,Max Volume Upto 10K,Hour Volume 50K to 1L,Min Volume Upto 1K,OI_More than 10L,OI_Up_More_than_10L,1,1,3,1,4,4
NSE_FO|54445-20250320,BANKNIFTY,BANKNIFTY FUT 24 APR 25,FUT,BANKNIFTY,NSE_FO|54445,2025-03-20,9,27,Opening Session (9 AM - 10 AM),36.0,229.80000000000291,0.5,-0.3074490861929996,2025-03-20T09:27:00+05:30,2025-03-20T09:27:00,09:00-10:00,50319.7,50336.0,50300.0,50334.85,8130,116940,360,412520,206876233.5,16985251000.0,16985251000.0,169852510000.0,73795230000.0,Gain 0% to 1%,Hourly Loss 0% to 2%,Day Spread More than 5%,Hour Spread More than 3%,Daily Volume 1L to 5L,Max Volume Upto 10K,Hour Volume 1L to 5L,Min Volume Upto 1K,OI_More than 10L,OI_Up_More_than_10L,3,3,3,3,4,4
NSE_FO|54445-20250320,BANKNIFTY,BANKNIFTY FUT 24 APR 25,FUT,BANKNIFTY,NSE_FO|54445,2025-03-20,9,20,Opening Session (9 AM - 10 AM),50.75,229.80000000000291,-0.5,-0.3074490861929996,2025-03-20T09:20:00+05:30,2025-03-20T09:20:00,09:00-10:00,50385.05,50398.35,50347.6,50365.0,8130,116940,360,412520,179803050.0,12069649000.0,12069649000.0,120696490000.0,67771200.0,Loss 0% to 1%,Hourly Loss 0% to 2%,Day Spread More than 5%,Hour Spread More than 3%,Daily Volume 1L to 5L,Max Volume Upto 10K,Hour Volume 1L to 5L,Min Volume Upto 1K,OI_More than 10L,OI_Up_More_than_10L,2,2,3,2,4,3
NSE_FO|54445-20250324,BANKNIFTY,BANKNIFTY FUT 24 APR 25,FUT,BANKNIFTY,NSE_FO|54445,2025-03-24,9,25,Opening Session (9 AM - 10 AM),33.94999999999709,679.0,-0.5,1.2917328314611176,2025-03-24T09:25:00+05:30,2025-03-24T09:25:00,09:00-10:00,51440.0,51440.0,51406.05,51416.35,8700,175710,1680,913890,155791540.5,19448623000.0,19448623000.0,194486230000.0,98385030000.0,Loss 0% to 1%,Hourly Gain 0% to 2%,Day Spread More than 5%,Hour Spread More than 3%,Daily Volume 5L to 10L,Max Volume Upto 10K,Hour Volume 1L to 5L,Min Volume 1K to 5K,OI_More than 10L,OI_Up_More_than_10L,4,4,4,4,4,2
NSE_FO|54446-20250227,FINNIFTY,FINNIFTY FUT 24 APR 25,FUT,FINNIFTY,NSE_FO|54446,2025-02-27,9,36,Opening Session (9 AM - 10 AM),1.0,225.0,-0.5,-0.95440084835630967,2025-02-27T09:36:00+05:30,2025-02-27T09:36:00,09:00-10:00,23449.05,23449.05,23449.05,23449.05,1000,41325,65,368520,23449050.0,7889743000.0,7889743000.0,78897430000.0,49216230000.0,Loss 0% to 1%,Hourly Loss 0% to 2%,Day Spread 1% to 2%,Hour Spread More than 3%,Daily Volume 1L to 5L,Max Volume Upto 10K,Hour Volume 25K to 50K,Min Volume Upto 1K,OI_More than 10L,OI_Up_More_than_10L,2,2,2,2,2,4
NSE_FO|54446-20250228,FINNIFTY,FINNIFTY FUT 24 APR 25,FUT,FINNIFTY,NSE_FO|54446,2025-02-28,9,25,Opening Session (9 AM - 10 AM),1.0,0.0,-0.5,-0.2,2025-02-28T09:25:00+05:30,2025-02-28T09:25:00,09:00-10:00,23392.1,23392.1,23392.1,23392.1,1000,44065,65,369455,23392100.0,12811033000.0,12811033000.0,128110330000.0,98259840000.0,Loss 0% to 1%,Hourly Loss 0% to 2%,Day Spread 1% to 2%,Hour Spread Less than 0.5%,Daily Volume 1L to 5L,Max Volume Upto 10K,Hour Volume 25K to 50K,Min Volume Upto 1K,OI_More than 10L,OI_Up_More_than_10L,3,3,2,3,2,3
NSE_FO|54446-20250305,FINNIFTY,FINNIFTY FUT 24 APR 25,FUT,FINNIFTY,NSE_FO|54446,2025-03-05,9,59,Opening Session (9 AM - 10 AM),1.0,0.0,-0.5,-0.2,2025-03-05T09:59:00+05:30,2025-03-05T09:59:00,09:00-10:00,23246.6,23246.6,23246.6,23246.6,1000,28065,65,355260,23246600.0,2984608000.0,2984608000.0,29846080000.0,49044330000.0,Loss 0% to 1%,Hourly Loss 0% to 2%,Day Spread 1% to 2%,Hour Spread Less than 0.5%,Daily Volume 1L to 5L,Max Volume Upto 10K,Hour Volume 25K to 50K,Min Volume Upto 1K,OI_More than 10L,OI_Up_More_than_10L,1,1,2,1,1,3
NSE_FO|54446-20250306,FINNIFTY,FINNIFTY FUT 24 APR 25,FUT,FINNIFTY,NSE_FO|54446,2025-03-06,9,36,Opening Session (9 AM - 10 AM),1.0,234.75,-0.5,-1.0072643173129321,2025-03-06T09:36:00+05:30,2025-03-06T09:36:00,09:00-10:00,23305.7,23305.7,23305.7,23305.7,1000,31650,65,358105,23305700.0,20195704000.0,20195704000.0,201957040000.0,196797870000.0,Loss 0% to 1%,Hourly Loss 0% to 2%,Day Spread 1% to 2%,Hour Spread More than 3%,Daily Volume 1L to 5L,Max Volume Upto 10K,Hour Volume 25K to 50K,Min Volume Upto 1K,OI_More than 10L,OI_Up_More_than_10L,4,4,2,4,3,3
NSE_FO|54446-20250306,FINNIFTY,FINNIFTY FUT 24 APR 25,FUT,FINNIFTY,NSE_FO|54446,2025-03-06,9,29,Opening Session (9 AM - 10 AM),1.0,234.75,-0.5,-1.0072643173129321,2025-03-06T09:29:00+05:30,2025-03-06T09:29:00,09:00-10:00,23305.7,23305.7,23305.7,23305.7,1000,31650,65,358105,23305700.0,12810448000.0,12810448000.0,128104480000.0,49216590000.0,Loss 0% to 1%,Hourly Loss 0% to 2%,Day Spread 1% to 2%,Hour Spread More than 3%,Daily Volume 1L to 5L,Max Volume Upto 10K,Hour Volume 25K to 50K,Min Volume Upto 1K,OI_More than 10L,OI_Up_More_than_10L,3,3,2,3,3,2
NSE_FO|54446-20250312,FINNIFTY,FINNIFTY FUT 24 APR 25,FUT,FINNIFTY,NSE_FO|54446,2025-03-12,9,35,Opening Session (9 AM - 10 AM),1.0,51.200000000000728,-0.5,0.2,2025-03-12T09:35:00+05:30,2025-03-12T09:35:00,09:00-10:00,23464.35,23464.35,23464.35,23464.35,1000,38455,65,360975,23464350.0,17730847000.0,17730847000.0,177308470000.0,24658380000.0,Loss 0% to 1%,Hourly Gain 0% to 2%,Day Spread 1% to 2%,Hour Spread More than 3%,Daily Volume 1L to 5L,Max Volume Upto 10K,Hour Volume 25K to 50K,Min Volume Upto 1K,OI_More than 10L,OI_Up_More_than_10L,3,3,2,3,4,2
NSE_FO|54446-20250317,FINNIFTY,FINNIFTY FUT 24 APR 25,FUT,FINNIFTY,NSE_FO|54446,2025-03-17,9,38,Opening Session (9 AM - 10 AM),1.0,41.200000000000728,-0.5,-0.2,2025-03-17T09:38:00+05:30,2025-03-17T09:38:00,09:00-10:00,23640.8,23640.8,23640.8,23640.8,1000,22455,65,334340,23640800.0,2982682000.0,2982682000.0,29826820000.0,49043430000.0,Loss 0% to 1%,Hourly Loss 0% to 2%,Day Spread 1% to 2%,Hour Spread More than 3%,Daily Volume 1L to 5L,Max Volume Upto 10K,Hour Volume Upto 25K,Min Volume Upto 1K,OI_More than 10L,OI_Up_More_than_10L,1,1,1,1,4,2
NSE_FO|54446-20250318,FINNIFTY,FINNIFTY FUT 24 APR 25,FUT,FINNIFTY,NSE_FO|54446,2025-03-18,9,54,Opening Session (9 AM - 10 AM),1.0,100.70000000000073,-0.5,0.26861862870190051,2025-03-18T09:54:00+05:30,2025-03-18T09:54:00,09:00-10:00,23889.6,23889.6,23889.6,23889.6,1000,33885,65,327435,1552824.0,514054000.0,514054000.0,5140540000.0,196795440000.0,Loss 0% to 1%,Hourly Gain 0% to 2%,Day Spread 1% to 2%,Hour Spread More than 3%,Daily Volume 1L to 5L,Max Volume Upto 10K,Hour Volume 25K to 50K,Min Volume Upto 1K,OI_More than 10L,OI_Up_More_than_10L,1,1,1,1,2,1
NSE_FO|54446-20250321,FINNIFTY,FINNIFTY FUT 24 APR 25,FUT,FINNIFTY,NSE_FO|54446,2025-03-21,9,44,Opening Session (9 AM - 10 AM),1.0,101.5,-0.5,0.35724223724485321,2025-03-21T09:44:00+05:30,2025-03-21T09:44:00,09:00-10:00,24533.0,24533.0,24533.0,24533.0,1000,25875,65,299335,24533000.0,22650499000.0,22650499000.0,226504990000.0,221375070000.0,Loss 0% to 1%,Hourly Gain 0% to 2%,Day Spread 1% to 2%,Hour Spread More than 3%,Daily Volume 1L to 5L,Max Volume Upto 10K,Hour Volume 25K to 50K,Min Volume Upto 1K,OI_More than 10L,OI_Up_More_than_10L,4,4,1,4,4,4
NSE_FO|54446-20250321,FINNIFTY,FINNIFTY FUT 24 APR 25,FUT,FINNIFTY,NSE_FO|54446,2025-03-21,9,30,Opening Session (9 AM - 10 AM),1.0,101.5,-0.5,0.35724223724485321,2025-03-21T09:30:00+05:30,2025-03-21T09:30:00,09:00-10:00,24479.6,24479.6,24479.6,24479.6,1000,25875,65,299335,24479600.0,17728813000.0,17728813000.0,177288130000.0,147476790000.0,Loss 0% to 1%,Hourly Gain 0% to 2%,Day Spread 1% to 2%,Hour Spread More than 3%,Daily Volume 1L to 5L,Max Volume Upto 10K,Hour Volume 25K to 50K,Min Volume Upto 1K,OI_More than 10L,OI_Up_More_than_10L,3,3,1,3,2,2
NSE_FO|54446-20250324,FINNIFTY,FINNIFTY FUT 24 APR 25,FUT,FINNIFTY,NSE_FO|54446,2025-03-24,9,54,Opening Session (9 AM - 10 AM),1.0,236.29999999999927,-0.5,0.95322039641543654,2025-03-24T09:54:00+05:30,2025-03-24T09:54:00,09:00-10:00,24982.0,24982.0,24982.0,24982.0,1000,21670,65,271735,24982000.0,22650247000.0,22650247000.0,226502470000.0,147650130000.0,Loss 0% to 1%,Hourly Gain 0% to 2%,Day Spread 1% to 2%,Hour Spread More than 3%,Daily Volume 1L to 5L,Max Volume Upto 10K,Hour Volume Upto 25K,Min Volume Upto 1K,OI_More than 10L,OI_Up_More_than_10L,4,4,1,4,4,2
NSE_FO|54446-20250324,FINNIFTY,FINNIFTY FUT 24 APR 25,FUT,FINNIFTY,NSE_FO|54446,2025-03-24,9,18,Opening Session (9 AM - 10 AM),1.0,236.29999999999927,-0.5,0.95322039641543654,2025-03-24T09:18:00+05:30,2025-03-24T09:18:00,09:00-10:00,24821.1,24821.1,24821.1,24821.1,1000,21670,65,271735,4840114.5,5430691000.0,5430691000.0,54306910000.0,24545880000.0,Loss 0% to 1%,Hourly Gain 0% to 2%,Day Spread 1% to 2%,Hour Spread More than 3%,Daily Volume 1L to 5L,Max Volume Upto 10K,Hour Volume Upto 25K,Min Volume Upto 1K,OI_More than 10L,OI_Up_More_than_10L,1,1,1,1,3,3
NSE_FO|54449-20250201,MIDCPNIFTY,MIDCPNIFTY FUT 24 APR 25,FUT,MIDCPNIFTY,NSE_FO|54449,2025-02-01,9,40,Opening Session (9 AM - 10 AM),1.0,0.0,-0.5,-0.2,2025-02-01T09:40:00+05:30,2025-02-01T09:40:00,09:00-10:00,12048.55,12048.55,12048.55,12048.55,1000,42120,120,361280,12048550.0,19723222000.0,19723222000.0,197232220000.0,98391600000.0,Loss 0% to 1%,Hourly Loss 0% to 2%,Day Spread 1% to 2%,Hour Spread Less than 0.5%,Daily Volume 1L to 5L,Max Volume Upto 10K,Hour Volume 25K to 50K,Min Volume Upto 1K,OI_More than 10L,OI_Up_More_than_10L,4,4,2,4,3,3
NSE_FO|54449-20250204,MIDCPNIFTY,MIDCPNIFTY FUT 24 APR 25,FUT,MIDCPNIFTY,NSE_FO|54449,2025-02-04,9,21,Opening Session (9 AM - 10 AM),1.0,54.899999999999636,-0.5,0.33409785299694772,2025-02-04T09:21:00+05:30,2025-02-04T09:21:00,09:00-10:00,12067.1,12067.1,12067.1,12067.1,1000,33080,120,352520,12067100.0,12341521000.0,12341521000.0,123415210000.0,73750050000.0,Loss 0% to 1%,Hourly Gain 0% to 2%,Day Spread 1% to 2%,Hour Spread More than 3%,Daily Volume 1L to 5L,Max Volume Upto 10K,Hour Volume 25K to 50K,Min Volume Upto 1K,OI_More than 10L,OI_Up_More_than_10L,3,3,2,3,4,2
NSE_FO|54449-20250205,MIDCPNIFTY,MIDCPNIFTY FUT 24 APR 25,FUT,MIDCPNIFTY,NSE_FO|54449,2025-02-05,9,56,Opening Session (9 AM - 10 AM),1.0,151.39999999999964,-0.5,1.2494841957580229,2025-02-05T09:56:00+05:30,2025-02-05T09:56:00,09:00-10:00,12268.4,12268.4,12268.4,12268.4,1000,40600,120,360520,12268400.0,46279000.0,46279000.0,462790000.0,147505590000.0,Loss 0% to 1%,Hourly Gain 0% to 2%,Day Spread 1% to 2%,Hour Spread More than 3%,Daily Volume 1L to 5L,Max Volume Upto 10K,Hour Volume 25K to 50K,Min Volume Upto 1K,OI_More than 10L,OI_Up_More_than_10L,1,1,2,1,1,3
NSE_FO|54449-20250205,MIDCPNIFTY,MIDCPNIFTY FUT 24 APR 25,FUT,MIDCPNIFTY,NSE_FO|54449,2025-02-05,9,42,Opening Session (9 AM - 10 AM),1.0,151.39999999999964,-0.5,1.2494841957580229,2025-02-05T09:42:00+05:30,2025-02-05T09:42:00,09:00-10:00,12268.4,12268.4,12268.4,12268.4,1000,40600,120,360520,1472208.0,4966102000.0,4966102000.0,49661020000.0,147559500000.0,Loss 0% to 1%,Hourly Gain 0% to 2%,Day Spread 1% to 2%,Hour Spread More than 3%,Daily Volume 1L to 5L,Max Volume Upto 10K,Hour Volume 25K to 50K,Min Volume Upto 1K,OI_More than 10L,OI_Up_More_than_10L,1,1,2,1,2,2
NSE_FO|54449-20250207,MIDCPNIFTY,MIDCPNIFTY FUT 24 APR 25,FUT,MIDCPNIFTY,NSE_FO|54449,2025-02-07,9,29,Opening Session (9 AM - 10 AM),1.0,72.399999999999636,-0.5,0.39074827672119655,2025-02-07T09:29:00+05:30,2025-02-07T09:29:00,09:00-10:00,12041.0,12041.0,12041.0,12041.0,1000,33360,120,341960,12041000.0,17258743000.0,17258743000.0,172587430000.0,147456900000.0,Loss 0% to 1%,Hourly Gain 0% to 2%,Day Spread 1% to 2%,Hour Spread More than 3%,Daily Volume 1L to 5L,Max Volume Upto 10K,Hour Volume 25K to 50K,Min Volume Upto 1K,OI_More than 10L,OI_Up_More_than_10L,3,3,1,3,2,2
NSE_FO|54449-20250211,MIDCPNIFTY,MIDCPNIFTY FUT 24 APR 25,FUT,MIDCPNIFTY,NSE_FO|54449,2025-02-11,9,44,Opening Session (9 AM - 10 AM),1.0,141.70000000000073,-0.5,-1.1509118406585335,2025-02-11T09:44:00+05:30,2025-02-11T09:44:00,09:00-10:00,11868.85,11868.85,11868.85,11868.85,1000,40200,120,337800,11868850.0,2512306000.0,2512306000.0,25123060000.0,122832720000.0,Loss 0% to 1%,Hourly Loss 0% to 2%,Day Spread 1% to 2%,Hour Spread More than 3%,Daily Volume 1L to 5L,Max Volume Upto 10K,Hour Volume 25K to 50K,Min Volume Upto 1K,OI_More than 10L,OI_Up_More_than_10L,1,1,1,1,4,2
NSE_FO|54449-20250211,MIDCPNIFTY,MIDCPNIFTY FUT 24 APR 25,FUT,MIDCPNIFTY,NSE_FO|54449,2025-02-11,9,48,Opening Session (9 AM - 10 AM),1.0,141.70000000000073,-0.5,-1.1509118406585335,2025-02-11T09:48:00+05:30,2025-02-11T09:48:00,09:00-10:00,11770.0,11770.0,11770.0,11770.0,1000,40200,120,337800,1412400.0,19720738000.0,19720738000.0,197207380000.0,172084410000.0,Loss 0% to 1%,Hourly Loss 0% to 2%,Day Spread 1% to 2%,Hour Spread More than 3%,Daily Volume 1L to 5L,Max Volume Upto 10K,Hour Volume 25K to 50K,Min Volume Upto 1K,OI_More than 10L,OI_Up_More_than_10L,4,4,1,4,4,3
NSE_FO|54449-20250212,MIDCPNIFTY,MIDCPNIFTY FUT 24 APR 25,FUT,MIDCPNIFTY,NSE_FO|54449,2025-02-12,9,56,Opening Session (9 AM - 10 AM),1.0,246.39999999999964,-0.5,-2.0937214349767985,2025-02-12T09:56:00+05:30,2025-02-12T09:56:00,09:00-10:00,11320.0,11320.0,11320.0,11320.0,1000,31480,120,341720,11320000.0,22181815000.0,22181815000.0,221818150000.0,196698960000.0,Loss 0% to 1%,Hourly Loss 2% to 5%,Day Spread 1% to 2%,Hour Spread More than 3%,Daily Volume 1L to 5L,Max Volume Upto 10K,Hour Volume 25K to 50K,Min Volume Upto 1K,OI_More than 10L,OI_Up_More_than_10L,4,4,1,4,1,1
NSE_FO|54449-20250214,MIDCPNIFTY,MIDCPNIFTY FUT 24 APR 25,FUT,MIDCPNIFTY,NSE_FO|54449,2025-02-14,9,33,Opening Session (9 AM - 10 AM),1.0,162.5,-0.5,-1.3297005566491544,2025-02-14T09:33:00+05:30,2025-02-14T09:33:00,09:00-10:00,11349.5,11349.5,11349.5,11349.5,1000,34280,120,320520,1361940.0,43984000.0,43984000.0,439840000.0,98369730000.0,Loss 0% to 1%,Hourly Loss 0% to 2%,Day Spread 1% to 2%,Hour Spread More than 3%,Daily Volume 1L to 5L,Max Volume Upto 10K,Hour Volume 25K to 50K,Min Volume Upto 1K,OI_More than 10L,OI_Up_More_than_10L,1,1,1,1,4,2
NSE_FO|54449-20250218,MIDCPNIFTY,MIDCPNIFTY FUT 24 APR 25,FUT,MIDCPNIFTY,NSE_FO|54449,2025-02-18,9,55,Opening Session (9 AM - 10 AM),1.0,143.20000000000073,-0.5,-0.93672566371681731,2025-02-18T09:55:00+05:30,2025-02-18T09:55:00,09:00-10:00,11194.15,11194.15,11194.15,11194.15,1000,35800,120,345480,11194150.0,12338218000.0,12338218000.0,123382180000.0,98275590000.0,Loss 0% to 1%,Hourly Loss 0% to 2%,Day Spread 1% to 2%,Hour Spread More than 3%,Daily Volume 1L to 5L,Max Volume Upto 10K,Hour Volume 25K to 50K,Min Volume Upto 1K,OI_More than 10L,OI_Up_More_than_10L,3,3,2,3,4,2
NSE_FO|54449-20250219,MIDCPNIFTY,MIDCPNIFTY FUT 24 APR 25,FUT,MIDCPNIFTY,NSE_FO|54449,2025-02-19,9,45,Opening Session (9 AM - 10 AM),1.0,285.0,-0.5,2.0179372197309418,2025-02-19T09:45:00+05:30,2025-02-19T09:45:00,09:00-10:00,11250.0,11250.0,11250.0,11250.0,1000,34400,120,335400,1350000.0,19718848000.0,19718848000.0,197188480000.0,24630300000.0,Loss 0% to 1%,Hourly Gain 2% to 5%,Day Spread 1% to 2%,Hour Spread More than 3%,Daily Volume 1L to 5L,Max Volume Upto 10K,Hour Volume 25K to 50K,Min Volume Upto 1K,OI_More than 10L,OI_Up_More_than_10L,4,4,1,4,4,1
NSE_FO|54449-20250221,MIDCPNIFTY,MIDCPNIFTY FUT 24 APR 25,FUT,MIDCPNIFTY,NSE_FO|54449,2025-02-21,9,25,Opening Session (9 AM - 10 AM),1.0,117.90000000000146,-0.5,-0.73913043478260865,2025-02-21T09:25:00+05:30,2025-02-21T09:25:00,09:00-10:00,11499.65,11499.65,11499.65,11499.65,1000,32120,120,329280,11499650.0,42481000.0,42481000.0,424810000.0,122947110000.0,Loss 0% to 1%,Hourly Loss 0% to 2%,Day Spread 1% to 2%,Hour Spread More than 3%,Daily Volume 1L to 5L,Max Volume Upto 10K,Hour Volume 25K to 50K,Min Volume Upto 1K,OI_More than 10L,OI_Up_More_than_10L,1,1,1,1,2,2
NSE_FO|54449-20250225,MIDCPNIFTY,MIDCPNIFTY FUT 24 APR 25,FUT,MIDCPNIFTY,NSE_FO|54449,2025-02-25,9,37,Opening Session (9 AM - 10 AM),1.0,143.85000000000036,-0.5,0.84161382357413417,2025-02-25T09:37:00+05:30,2025-02-25T09:37:00,09:00-10:00,11200.0,11200.0,11200.0,11200.0,1000,30960,120,321960,1344000.0,4961350000.0,4961350000.0,49613500000.0,122929290000.0,Loss 0% to 1%,Hourly Gain 0% to 2%,Day Spread 1% to 2%,Hour Spread More than 3%,Daily Volume 1L to 5L,Max Volume Upto 10K,Hour Volume 25K to 50K,Min Volume Upto 1K,OI_More than 10L,OI_Up_More_than_10L,1,1,1,1,3,3
NSE_FO|54449-20250225,MIDCPNIFTY,MIDCPNIFTY FUT 24 APR 25,FUT,MIDCPNIFTY,NSE_FO|54449,2025-02-25,9,39,Opening Session (9 AM - 10 AM),1.0,143.85000000000036,-0.5,0.84161382357413417,2025-02-25T09:39:00+05:30,2025-02-25T09:39:00,09:00-10:00,11200.0,11200.0,11200.0,11200.0,1000,30960,120,321960,11200000.0,4961341000.0,4961341000.0,49613410000.0,98310330000.0,Loss 0% to 1%,Hourly Gain 0% to 2%,Day Spread 1% to 2%,Hour Spread More than 3%,Daily Volume 1L to 5L,Max Volume Upto 10K,Hour Volume 25K to 50K,Min Volume Upto 1K,OI_More than 10L,OI_Up_More_than_10L,1,1,1,1,1,3
NSE_FO|54449-20250228,MIDCPNIFTY,MIDCPNIFTY FUT 24 APR 25,FUT,MIDCPNIFTY,NSE_FO|54449,2025-02-28,9,36,Opening Session (9 AM - 10 AM),4.0,140.70000000000073,-0.5,-0.48357764796649066,2025-02-28T09:36:00+05:30,2025-02-28T09:36:00,09:00-10:00,10801.0,10803.5,10799.5,10800.0,2880,27680,120,277080,31104000.0,41131000.0,41131000.0,411310000.0,49194630000.0,Loss 0% to 1%,Hourly Loss 0% to 2%,Day Spread 4% to 5%,Hour Spread More than 3%,Daily Volume 1L to 5L,Max Volume Upto 10K,Hour Volume 25K to 50K,Min Volume Upto 1K,OI_More than 10L,OI_Up_More_than_10L,1,1,1,1,4,2
NSE_FO|54449-20250304,MIDCPNIFTY,MIDCPNIFTY FUT 24 APR 25,FUT,MIDCPNIFTY,NSE_FO|54449,2025-03-04,9,34,Opening Session (9 AM - 10 AM),15.400000000001455,190.95000000000073,-0.5,1.1645908912355292,2025-03-04T09:34:00+05:30,2025-03-04T09:34:00,09:00-10:00,10889.95,10889.95,10874.55,10874.55,1440,27120,120,295000,7829675.9999999991,2507797000.0,2507797000.0,25077970000.0,24521130000.0,Loss 0% to 1%,Hourly Gain 0% to 2%,Day Spread More than 5%,Hour Spread More than 3%,Daily Volume 1L to 5L,Max Volume Upto 10K,Hour Volume 25K to 50K,Min Volume Upto 1K,OI_More than 10L,OI_Up_More_than_10L,1,1,1,1,4,3
NSE_FO|54449-20250304,MIDCPNIFTY,MIDCPNIFTY FUT 24 APR 25,FUT,MIDCPNIFTY,NSE_FO|54449,2025-03-04,9,45,Opening Session (9 AM - 10 AM),1.0,190.95000000000073,-0.5,1.1645908912355292,2025-03-04T09:45:00+05:30,2025-03-04T09:45:00,09:00-10:00,10919.25,10919.25,10919.25,10919.25,1440,27120,120,295000,10919250.0,12335014000.0,12335014000.0,123350140000.0,24559920000.0,Loss 0% to 1%,Hourly Gain 0% to 2%,Day Spread 1% to 2%,Hour Spread More than 3%,Daily Volume 1L to 5L,Max Volume Upto 10K,Hour Volume 25K to 50K,Min Volume Upto 1K,OI_More than 10L,OI_Up_More_than_10L,3,3,1,3,1,2
NSE_FO|54449-20250305,MIDCPNIFTY,MIDCPNIFTY FUT 24 APR 25,FUT,MIDCPNIFTY,NSE_FO|54449,2025-03-05,9,19,Opening Session (9 AM - 10 AM),28.75,229.64999999999964,0.5,1.9679633867276887,2025-03-05T09:19:00+05:30,2025-03-05T09:19:00,09:00-10:00,10995.0,11023.75,10995.0,11023.75,1680,28600,120,269160,13228500.0,12334726000.0,12334726000.0,123347260000.0,73810080000.0,Gain 0% to 1%,Hourly Gain 0% to 2%,Day Spread More than 5%,Hour Spread More than 3%,Daily Volume 1L to 5L,Max Volume Upto 10K,Hour Volume 25K to 50K,Min Volume Upto 1K,OI_More than 10L,OI_Up_More_than_10L,3,3,1,3,4,4
NSE_FO|54449-20250305,MIDCPNIFTY,MIDCPNIFTY FUT 24 APR 25,FUT,MIDCPNIFTY,NSE_FO|54449,2025-03-05,9,24,Opening Session (9 AM - 10 AM),15.450000000000728,229.64999999999964,0.5,1.9679633867276887,2025-03-05T09:24:00+05:30,2025-03-05T09:24:00,09:00-10:00,11034.5,11049.95,11034.5,11049.95,1680,28600,120,269160,6629970.0,17252668000.0,17252668000.0,172526680000.0,232716900.0,Gain 0% to 1%,Hourly Gain 0% to 2%,Day Spread More than 5%,Hour Spread More than 3%,Daily Volume 1L to 5L,Max Volume Upto 10K,Hour Volume 25K to 50K,Min Volume Upto 1K,OI_More than 10L,OI_Up_More_than_10L,3,3,1,3,4,4
NSE_FO|54449-20250306,MIDCPNIFTY,MIDCPNIFTY FUT 24 APR 25,FUT,MIDCPNIFTY,NSE_FO|54449,2025-03-06,9,35,Opening Session (9 AM - 10 AM),1.0,81.649999999999636,-0.5,-0.2068512303017109,2025-03-06T09:35:00+05:30,2025-03-06T09:35:00,09:00-10:00,11300.0,11300.0,11300.0,11300.0,2520,30280,120,288840,1356000.0,22176694000.0,22176694000.0,221766940000.0,196695720000.0,Loss 0% to 1%,Hourly Loss 0% to 2%,Day Spread 1% to 2%,Hour Spread More than 3%,Daily Volume 1L to 5L,Max Volume Upto 10K,Hour Volume 25K to 50K,Min Volume Upto 1K,OI_More than 10L,OI_Up_More_than_10L,4,4,1,4,4,3
NSE_FO|54449-20250306,MIDCPNIFTY,MIDCPNIFTY FUT 24 APR 25,FUT,MIDCPNIFTY,NSE_FO|54449,2025-03-06,9,31,Opening Session (9 AM - 10 AM),21.5,81.649999999999636,-0.5,-0.2068512303017109,2025-03-06T09:31:00+05:30,2025-03-06T09:31:00,09:00-10:00,11299.85,11299.85,11278.35,11278.35,2520,30280,120,288840,6767010.0,39844000.0,39844000.0,398440000.0,192528100.0,Loss 0% to 1%,Hourly Loss 0% to 2%,Day Spread More than 5%,Hour Spread More than 3%,Daily Volume 1L to 5L,Max Volume Upto 10K,Hour Volume 25K to 50K,Min Volume Upto 1K,OI_More than 10L,OI_Up_More_than_10L,1,1,1,1,4,2
NSE_FO|54449-20250307,MIDCPNIFTY,MIDCPNIFTY FUT 24 APR 25,FUT,MIDCPNIFTY,NSE_FO|54449,2025-03-07,9,23,Opening Session (9 AM - 10 AM),7.1000000000003638,90.5,-0.5,0.35714285714285715,2025-03-07T09:23:00+05:30,2025-03-07T09:23:00,09:00-10:00,11212.2,11212.2,11205.1,11205.1,2280,29680,120,304120,2689224.0,19714933000.0,19714933000.0,197149330000.0,73809360000.0,Loss 0% to 1%,Hourly Gain 0% to 2%,Day Spread More than 5%,Hour Spread More than 3%,Daily Volume 1L to 5L,Max Volume Upto 10K,Hour Volume 25K to 50K,Min Volume Upto 1K,OI_More than 10L,OI_Up_More_than_10L,4,4,1,4,4,4
NSE_FO|54449-20250310,MIDCPNIFTY,MIDCPNIFTY FUT 24 APR 25,FUT,MIDCPNIFTY,NSE_FO|54449,2025-03-10,9,42,Opening Session (9 AM - 10 AM),1.0,76.949999999998909,-0.5,-0.2233662449998475,2025-03-10T09:42:00+05:30,2025-03-10T09:42:00,09:00-10:00,11200.0,11200.0,11200.0,11200.0,2400,32640,120,282440,11200000.0,39205000.0,39205000.0,392050000.0,196753050000.0,Loss 0% to 1%,Hourly Loss 0% to 2%,Day Spread 1% to 2%,Hour Spread More than 3%,Daily Volume 1L to 5L,Max Volume Upto 10K,Hour Volume 25K to 50K,Min Volume Upto 1K,OI_More than 10L,OI_Up_More_than_10L,1,1,1,1,2,2
NSE_FO|54449-20250310,MIDCPNIFTY,MIDCPNIFTY FUT 24 APR 25,FUT,MIDCPNIFTY,NSE_FO|54449,2025-03-10,9,30,Opening Session (9 AM - 10 AM),3.8999999999996362,76.949999999998909,0.5,-0.2233662449998475,2025-03-10T09:30:00+05:30,2025-03-10T09:30:00,09:00-10:00,11184.6,11188.5,11184.6,11188.5,2400,32640,120,282440,4027860.0,7413391000.0,7413391000.0,74133910000.0,49201560000.0,Gain 0% to 1%,Hourly Loss 0% to 2%,Day Spread 3% to 4%,Hour Spread More than 3%,Daily Volume 1L to 5L,Max Volume Upto 10K,Hour Volume 25K to 50K,Min Volume Upto 1K,OI_More than 10L,OI_Up_More_than_10L,2,2,1,2,4,4
NSE_FO|54449-20250310,MIDCPNIFTY,MIDCPNIFTY FUT 24 APR 25,FUT,MIDCPNIFTY,NSE_FO|54449,2025-03-10,9,20,Opening Session (9 AM - 10 AM),1.0,76.949999999998909,-0.5,-0.2233662449998475,2025-03-10T09:20:00+05:30,2025-03-10T09:20:00,09:00-10:00,11183.2,11183.2,11183.2,11183.2,2400,32640,120,282440,11183200.0,14789800000.0,14789800000.0,147898000000.0,147505770000.0,Loss 0% to 1%,Hourly Loss 0% to 2%,Day Spread 1% to 2%,Hour Spread More than 3%,Daily Volume 1L to 5L,Max Volume Upto 10K,Hour Volume 25K to 50K,Min Volume Upto 1K,OI_More than 10L,OI_Up_More_than_10L,3,3,1,3,3,3
NSE_FO|54449-20250317,MIDCPNIFTY,MIDCPNIFTY FUT 24 APR 25,FUT,MIDCPNIFTY,NSE_FO|54449,2025-03-17,9,18,Opening Session (9 AM - 10 AM),1.0,115.04999999999927,-0.5,0.69872207410131471,2025-03-17T09:18:00+05:30,2025-03-17T09:18:00,09:00-10:00,10898.2,10898.2,10898.2,10898.2,1440,25080,120,265640,10898200.0,37855000.0,37855000.0,378550000.0,11841900.0,Loss 0% to 1%,Hourly Gain 0% to 2%,Day Spread 1% to 2%,Hour Spread More than 3%,Daily Volume 1L to 5L,Max Volume Upto 10K,Hour Volume 25K to 50K,Min Volume Upto 1K,OI_More than 10L,OI_Up_More_than_10L,1,1,1,1,1,4
NSE_FO|54449-20250318,MIDCPNIFTY,MIDCPNIFTY FUT 24 APR 25,FUT,MIDCPNIFTY,NSE_FO|54449,2025-03-18,9,25,Opening Session (9 AM - 10 AM),14.700000000000728,121.89999999999964,0.5,0.8094514829333066,2025-03-18T09:25:00+05:30,2025-03-18T09:25:00,09:00-10:00,11030.0,11044.7,11030.0,11044.7,3360,34840,120,335120,19880460.0,9874009000.0,9874009000.0,98740090000.0,24579450000.0,Gain 0% to 1%,Hourly Gain 0% to 2%,Day Spread More than 5%,Hour Spread More than 3%,Daily Volume 1L to 5L,Max Volume Upto 10K,Hour Volume 25K to 50K,Min Volume Upto 1K,OI_More than 10L,OI_Up_More_than_10L,2,2,1,2,4,4
NSE_FO|54449-20250319,MIDCPNIFTY,MIDCPNIFTY FUT 24 APR 25,FUT,MIDCPNIFTY,NSE_FO|54449,2025-03-19,9,18,Opening Session (9 AM - 10 AM),24.850000000000364,115.04999999999927,0.5,0.66018052645392222,2025-03-19T09:18:00+05:30,2025-03-19T09:18:00,09:00-10:00,11269.5,11294.35,11269.5,11294.15,5640,47800,120,263360,20329470.0,17249446000.0,17249446000.0,172494460000.0,172123830000.0,Gain 0% to 1%,Hourly Gain 0% to 2%,Day Spread More than 5%,Hour Spread More than 3%,Daily Volume 1L to 5L,Max Volume Upto 10K,Hour Volume 25K to 50K,Min Volume Upto 1K,OI_More than 10L,OI_Up_More_than_10L,3,3,1,3,4,4
NSE_FO|54449-20250319,MIDCPNIFTY,MIDCPNIFTY FUT 24 APR 25,FUT,MIDCPNIFTY,NSE_FO|54449,2025-03-19,9,20,Opening Session (9 AM - 10 AM),26.150000000001455,115.04999999999927,-0.5,0.66018052645392222,2025-03-19T09:20:00+05:30,2025-03-19T09:20:00,09:00-10:00,11287.2,11287.2,11261.05,11261.9,5640,47800,120,263360,13514280.0,2504611000.0,2504611000.0,25046110000.0,24519330000.0,Loss 0% to 1%,Hourly Gain 0% to 2%,Day Spread More than 5%,Hour Spread More than 3%,Daily Volume 1L to 5L,Max Volume Upto 10K,Hour Volume 25K to 50K,Min Volume Upto 1K,OI_More than 10L,OI_Up_More_than_10L,1,1,1,1,4,1
NSE_FO|54449-20250320,MIDCPNIFTY,MIDCPNIFTY FUT 24 APR 25,FUT,MIDCPNIFTY,NSE_FO|54449,2025-03-20,9,34,Opening Session (9 AM - 10 AM),11.300000000001091,130.39999999999964,0.5,-0.60043572984749138,2025-03-20T09:34:00+05:30,2025-03-20T09:34:00,09:00-10:00,11509.0,11514.95,11503.65,11514.95,7680,54560,120,283120,9672558.0,19712575000.0,19712575000.0,197125750000.0,147563910000.0,Gain 0% to 1%,Hourly Loss 0% to 2%,Day Spread More than 5%,Hour Spread More than 3%,Daily Volume 1L to 5L,Max Volume Upto 10K,Hour Volume 50K to 1L,Min Volume Upto 1K,OI_More than 10L,OI_Up_More_than_10L,4,4,1,4,4,4
NSE_FO|54449-20250320,MIDCPNIFTY,MIDCPNIFTY FUT 24 APR 25,FUT,MIDCPNIFTY,NSE_FO|54449,2025-03-20,9,42,Opening Session (9 AM - 10 AM),1.5,130.39999999999964,-0.5,-0.60043572984749138,2025-03-20T09:42:00+05:30,2025-03-20T09:42:00,09:00-10:00,11495.0,11495.0,11493.5,11493.5,7680,54560,120,283120,31722060.0,19712566000.0,19712566000.0,197125660000.0,73813590000.0,Loss 0% to 1%,Hourly Loss 0% to 2%,Day Spread 1% to 2%,Hour Spread More than 3%,Daily Volume 1L to 5L,Max Volume Upto 10K,Hour Volume 50K to 1L,Min Volume Upto 1K,OI_More than 10L,OI_Up_More_than_10L,4,4,1,4,4,1
NSE_FO|54449-20250320,MIDCPNIFTY,MIDCPNIFTY FUT 24 APR 25,FUT,MIDCPNIFTY,NSE_FO|54449,2025-03-20,9,36,Opening Session (9 AM - 10 AM),11.049999999999272,130.39999999999964,0.5,-0.60043572984749138,2025-03-20T09:36:00+05:30,2025-03-20T09:36:00,09:00-10:00,11507.5,11513.75,11502.7,11513.75,7680,54560,120,283120,20724750.0,2504287000.0,2504287000.0,25042870000.0,98269290000.0,Gain 0% to 1%,Hourly Loss 0% to 2%,Day Spread More than 5%,Hour Spread More than 3%,Daily Volume 1L to 5L,Max Volume Upto 10K,Hour Volume 50K to 1L,Min Volume Upto 1K,OI_More than 10L,OI_Up_More_than_10L,1,1,1,1,4,4
NSE_FO|54449-20250321,MIDCPNIFTY,MIDCPNIFTY FUT 24 APR 25,FUT,MIDCPNIFTY,NSE_FO|54449,2025-03-21,9,21,Opening Session (9 AM - 10 AM),9.6499999999996362,149.85000000000036,-0.5,1.1312752477676844,2025-03-21T09:21:00+05:30,2025-03-21T09:21:00,09:00-10:00,11455.95,11456.25,11446.6,11448.05,9600,72840,120,303360,17858958.0,19712242000.0,19712242000.0,197122420000.0,98392590000.0,Loss 0% to 1%,Hourly Gain 0% to 2%,Day Spread More than 5%,Hour Spread More than 3%,Daily Volume 1L to 5L,Max Volume Upto 10K,Hour Volume 50K to 1L,Min Volume Upto 1K,OI_More than 10L,OI_Up_More_than_10L,4,4,1,4,4,4
NSE_FO|54449-20250321,MIDCPNIFTY,MIDCPNIFTY FUT 24 APR 25,FUT,MIDCPNIFTY,NSE_FO|54449,2025-03-21,9,38,Opening Session (9 AM - 10 AM),2.3999999999996362,149.85000000000036,-0.5,1.1312752477676844,2025-03-21T09:38:00+05:30,2025-03-21T09:38:00,09:00-10:00,11537.0,11538.6,11536.2,11536.2,9600,72840,120,303360,22149504.0,36262000.0,36262000.0,362620000.0,24677370000.0,Loss 0% to 1%,Hourly Gain 0% to 2%,Day Spread 2% to 3%,Hour Spread More than 3%,Daily Volume 1L to 5L,Max Volume Upto 10K,Hour Volume 50K to 1L,Min Volume Upto 1K,OI_More than 10L,OI_Up_More_than_10L,1,1,1,1,4,2
NSE_FO|54449-20250325,MIDCPNIFTY,MIDCPNIFTY FUT 24 APR 25,FUT,MIDCPNIFTY,NSE_FO|54449,2025-03-25,9,21,Opening Session (9 AM - 10 AM),5.8000000000010914,121.60000000000036,-0.5,-0.20757962161200402,2025-03-25T09:21:00+05:30,2025-03-25T09:21:00,09:00-10:00,11773.95,11776.35,11770.55,11773.5,21120,214560,360,915480,28256400.0,9872272000.0,9872272000.0,98722720000.0,49170690000.0,Loss 0% to 1%,Hourly Loss 0% to 2%,Day Spread More than 5%,Hour Spread More than 3%,Daily Volume 5L to 10L,Max Volume 10K to 50K,Hour Volume 1L to 5L,Min Volume Upto 1K,OI_More than 10L,OI_Up_More_than_10L,2,2,4,2,4,1
NSE_FO|54452-20250131,NIFTY,NIFTY FUT 24 APR 25,FUT,NIFTY,NSE_FO|54452,2025-01-31,9,34,Opening Session (9 AM - 10 AM),2.0999999999985448,90.0,-0.5,0.352879139422069,2025-01-31T09:34:00+05:30,2025-01-31T09:34:00,09:00-10:00,23744.35,23745.0,23742.9,23742.9,1350,21875,75,175475,7122870.0,12661732000.0,12661732000.0,126617320000.0,49222890000.0,Loss 0% to 1%,Hourly Gain 0% to 2%,Day Spread 2% to 3%,Hour Spread More than 3%,Daily Volume 1L to 5L,Max Volume Upto 10K,Hour Volume Upto 25K,Min Volume Upto 1K,OI_More than 10L,OI_Up_More_than_10L,3,3,1,3,4,2
NSE_FO|54452-20250131,NIFTY,NIFTY FUT 24 APR 25,FUT,NIFTY,NSE_FO|54452,2025-01-31,9,53,Opening Session (9 AM - 10 AM),3.2000000000007276,90.0,-0.5,0.352879139422069,2025-01-31T09:53:00+05:30,2025-01-31T09:53:00,09:00-10:00,23773.0,23773.0,23769.8,23769.8,1350,21875,75,175475,10696410.0,15116455000.0,15116455000.0,151164550000.0,152930500.0,Loss 0% to 1%,Hourly Gain 0% to 2%,Day Spread 3% to 4%,Hour Spread More than 3%,Daily Volume 1L to 5L,Max Volume Upto 10K,Hour Volume Upto 25K,Min Volume Upto 1K,OI_More than 10L,OI_Up_More_than_10L,3,3,1,3,4,4
NSE_FO|54452-20250131,NIFTY,NIFTY FUT 24 APR 25,FUT,NIFTY,NSE_FO|54452,2025-01-31,9,33,Opening Session (9 AM - 10 AM),8.30000000000291,90.0,0.5,0.352879139422069,2025-01-31T09:33:00+05:30,2025-01-31T09:33:00,09:00-10:00,23742.35,23750.65,23742.35,23750.0,1350,21875,75,175475,10687500.0,7739443000.0,7739443000.0,77394430000.0,123046200000.0,Gain 0% to 1%,Hourly Gain 0% to 2%,Day Spread More than 5%,Hour Spread More than 3%,Daily Volume 1L to 5L,Max Volume Upto 10K,Hour Volume Upto 25K,Min Volume Upto 1K,OI_More than 10L,OI_Up_More_than_10L,2,2,1,2,4,4
NSE_FO|54452-20250131,NIFTY,NIFTY FUT 24 APR 25,FUT,NIFTY,NSE_FO|54452,2025-01-31,9,59,Opening Session (9 AM - 10 AM),4.0,90.0,0.5,0.352879139422069,2025-01-31T09:59:00+05:30,2025-01-31T09:59:00,09:00-10:00,23786.0,23790.0,23786.0,23788.65,1350,21875,75,175475,12489041.25,366436000.0,366436000.0,3664360000.0,73729710000.0,Gain 0% to 1%,Hourly Gain 0% to 2%,Day Spread 4% to 5%,Hour Spread More than 3%,Daily Volume 1L to 5L,Max Volume Upto 10K,Hour Volume Upto 25K,Min Volume Upto 1K,OI_More than 10L,OI_Up_More_than_10L,1,1,1,1,4,4
NSE_FO|54452-20250131,NIFTY,NIFTY FUT 24 APR 25,FUT,NIFTY,NSE_FO|54452,2025-01-31,9,31,Opening Session (9 AM - 10 AM),1.0,90.0,-0.5,0.352879139422069,2025-01-31T09:31:00+05:30,2025-01-31T09:31:00,09:00-10:00,23750.95,23750.95,23750.95,23750.95,1350,21875,75,175475,3562642.5,22503250000.0,22503250000.0,225032500000.0,147637980000.0,Loss 0% to 1%,Hourly Gain 0% to 2%,Day Spread 1% to 2%,Hour Spread More than 3%,Daily Volume 1L to 5L,Max Volume Upto 10K,Hour Volume Upto 25K,Min Volume Upto 1K,OI_More than 10L,OI_Up_More_than_10L,4,4,1,4,2,2
NSE_FO|54452-20250201,NIFTY,NIFTY FUT 24 APR 25,FUT,NIFTY,NSE_FO|54452,2025-02-01,9,37,Opening Session (9 AM - 10 AM),1.0,123.79999999999927,-0.5,0.2,2025-02-01T09:37:00+05:30,2025-02-01T09:37:00,09:00-10:00,23900.0,23900.0,23900.0,23900.0,2100,22925,75,201100,23900000.0,22502962000.0,22502962000.0,225029620000.0,98020100.0,Loss 0% to 1%,Hourly Gain 0% to 2%,Day Spread 1% to 2%,Hour Spread More than 3%,Daily Volume 1L to 5L,Max Volume Upto 10K,Hour Volume Upto 25K,Min Volume Upto 1K,OI_More than 10L,OI_Up_More_than_10L,4,4,1,4,1,4
NSE_FO|54452-20250203,NIFTY,NIFTY FUT 24 APR 25,FUT,NIFTY,NSE_FO|54452,2025-02-03,9,55,Opening Session (9 AM - 10 AM),1.7999999999992724,160.0,-0.5,-0.56842105263157894,2025-02-03T09:55:00+05:30,2025-02-03T09:55:00,09:00-10:00,23610.45,23610.45,23608.65,23608.65,3300,34100,75,210525,3541297.5,10200592000.0,10200592000.0,102005920000.0,98346960000.0,Loss 0% to 1%,Hourly Loss 0% to 2%,Day Spread 1% to 2%,Hour Spread More than 3%,Daily Volume 1L to 5L,Max Volume Upto 10K,Hour Volume 25K to 50K,Min Volume Upto 1K,OI_More than 10L,OI_Up_More_than_10L,2,2,1,2,4,1
NSE_FO|54452-20250204,NIFTY,NIFTY FUT 24 APR 25,FUT,NIFTY,NSE_FO|54452,2025-02-04,9,47,Opening Session (9 AM - 10 AM),3.1500000000014552,116.70000000000073,0.5,0.42037903440973312,2025-02-04T09:47:00+05:30,2025-02-04T09:47:00,09:00-10:00,23900.0,23903.15,23900.0,23903.15,2250,30975,75,220275,7170945.0,5284549000.0,5284549000.0,52845490000.0,147584970000.0,Gain 0% to 1%,Hourly Gain 0% to 2%,Day Spread 3% to 4%,Hour Spread More than 3%,Daily Volume 1L to 5L,Max Volume Upto 10K,Hour Volume 25K to 50K,Min Volume Upto 1K,OI_More than 10L,OI_Up_More_than_10L,1,1,1,1,4,4
NSE_FO|54452-20250204,NIFTY,NIFTY FUT 24 APR 25,FUT,NIFTY,NSE_FO|54452,2025-02-04,9,18,Opening Session (9 AM - 10 AM),8.0,116.70000000000073,0.5,0.42037903440973312,2025-02-04T09:18:00+05:30,2025-02-04T09:18:00,09:00-10:00,23837.0,23845.0,23837.0,23845.0,2250,30975,75,220275,26825625.0,5284576000.0,5284576000.0,52845760000.0,24538860000.0,Gain 0% to 1%,Hourly Gain 0% to 2%,Day Spread More than 5%,Hour Spread More than 3%,Daily Volume 1L to 5L,Max Volume Upto 10K,Hour Volume 25K to 50K,Min Volume Upto 1K,OI_More than 10L,OI_Up_More_than_10L,1,1,1,1,4,4
NSE_FO|54452-20250205,NIFTY,NIFTY FUT 24 APR 25,FUT,NIFTY,NSE_FO|54452,2025-02-05,9,25,Opening Session (9 AM - 10 AM),8.9500000000007276,40.150000000001455,-0.5,-0.2,2025-02-05T09:25:00+05:30,2025-02-05T09:25:00,09:00-10:00,24109.0,24109.0,24100.05,24100.05,2700,27975,75,211050,19882541.25,365176000.0,365176000.0,3651760000.0,24679350000.0,Loss 0% to 1%,Hourly Loss 0% to 2%,Day Spread More than 5%,Hour Spread More than 3%,Daily Volume 1L to 5L,Max Volume Upto 10K,Hour Volume 25K to 50K,Min Volume Upto 1K,OI_More than 10L,OI_Up_More_than_10L,1,1,1,1,4,2
NSE_FO|54452-20250206,NIFTY,NIFTY FUT 24 APR 25,FUT,NIFTY,NSE_FO|54452,2025-02-06,9,40,Opening Session (9 AM - 10 AM),1.0,106.29999999999927,-0.5,-0.2,2025-02-06T09:40:00+05:30,2025-02-06T09:40:00,09:00-10:00,24023.0,24023.0,24022.9,24022.9,1800,20050,75,193575,3603435.0,2832706000.0,2832706000.0,28327060000.0,73669140000.0,Loss 0% to 1%,Hourly Loss 0% to 2%,Day Spread 1% to 2%,Hour Spread More than 3%,Daily Volume 1L to 5L,Max Volume Upto 10K,Hour Volume Upto 25K,Min Volume Upto 1K,OI_More than 10L,OI_Up_More_than_10L,1,1,1,1,3,1
NSE_FO|54452-20250207,NIFTY,NIFTY FUT 24 APR 25,FUT,NIFTY,NSE_FO|54452,2025-02-07,9,41,Opening Session (9 AM - 10 AM),12.400000000001455,46.900000000001455,0.5,-0.2,2025-02-07T09:41:00+05:30,2025-02-07T09:41:00,09:00-10:00,23972.0,23984.4,23972.0,23984.4,1000,17800,75,192700,12591810.0,12659446000.0,12659446000.0,126594460000.0,73825740000.0,Gain 0% to 1%,Hourly Loss 0% to 2%,Day Spread More than 5%,Hour Spread More than 3%,Daily Volume 1L to 5L,Max Volume Upto 10K,Hour Volume Upto 25K,Min Volume Upto 1K,OI_More than 10L,OI_Up_More_than_10L,3,3,1,3,4,4
NSE_FO|54452-20250210,NIFTY,NIFTY FUT 24 APR 25,FUT,NIFTY,NSE_FO|54452,2025-02-10,9,26,Opening Session (9 AM - 10 AM),1.6000000000021828,98.799999999999272,-0.5,-0.2,2025-02-10T09:26:00+05:30,2025-02-10T09:26:00,09:00-10:00,23835.15,23835.15,23833.55,23833.55,3000,34525,75,211950,44687906.25,10199071000.0,10199071000.0,101990710000.0,98426520000.0,Loss 0% to 1%,Hourly Loss 0% to 2%,Day Spread 1% to 2%,Hour Spread More than 3%,Daily Volume 1L to 5L,Max Volume Upto 10K,Hour Volume 25K to 50K,Min Volume Upto 1K,OI_More than 10L,OI_Up_More_than_10L,2,2,1,2,4,2
NSE_FO|54452-20250210,NIFTY,NIFTY FUT 24 APR 25,FUT,NIFTY,NSE_FO|54452,2025-02-10,9,44,Opening Session (9 AM - 10 AM),7.25,98.799999999999272,-0.5,-0.2,2025-02-10T09:44:00+05:30,2025-02-10T09:44:00,09:00-10:00,23770.0,23770.7,23763.45,23766.2,3000,34525,75,211950,33866835.0,22500874000.0,22500874000.0,225008740000.0,147636540000.0,Loss 0% to 1%,Hourly Loss 0% to 2%,Day Spread More than 5%,Hour Spread More than 3%,Daily Volume 1L to 5L,Max Volume Upto 10K,Hour Volume 25K to 50K,Min Volume Upto 1K,OI_More than 10L,OI_Up_More_than_10L,4,4,1,4,4,3
NSE_FO|54452-20250210,NIFTY,NIFTY FUT 24 APR 25,FUT,NIFTY,NSE_FO|54452,2025-02-10,9,50,Opening Session (9 AM - 10 AM),1.0,98.799999999999272,-0.5,-0.2,2025-02-10T09:50:00+05:30,2025-02-10T09:50:00,09:00-10:00,23789.0,23789.0,23789.0,23789.0,3000,34525,75,211950,1784175.0,2832094000.0,2832094000.0,28320940000.0,172095660000.0,Loss 0% to 1%,Hourly Loss 0% to 2%,Day Spread 1% to 2%,Hour Spread More than 3%,Daily Volume 1L to 5L,Max Volume Upto 10K,Hour Volume 25K to 50K,Min Volume Upto 1K,OI_More than 10L,OI_Up_More_than_10L,1,1,1,1,2,2
NSE_FO|54452-20250210,NIFTY,NIFTY FUT 24 APR 25,FUT,NIFTY,NSE_FO|54452,2025-02-10,9,27,Opening Session (9 AM - 10 AM),20.25,98.799999999999272,-0.5,-0.2,2025-02-10T09:27:00+05:30,2025-02-10T09:27:00,09:00-10:00,23833.25,23833.25,23813.0,23814.3,3000,34525,75,211950,30363232.5,10199062000.0,10199062000.0,101990620000.0,140994000.0,Loss 0% to 1%,Hourly Loss 0% to 2%,Day Spread More than 5%,Hour Spread More than 3%,Daily Volume 1L to 5L,Max Volume Upto 10K,Hour Volume 25K to 50K,Min Volume Upto 1K,OI_More than 10L,OI_Up_More_than_10L,2,2,1,2,4,1